Code,Bedrijf,Email
13001AC,AruCare,
13002FC,featherchiq,kim.delfina@outlook.com
13003DA,D.A e-installatie,devonjr@hotmail.com
13004SS,Sombrero Systems B.V.,infodatachampions@gmail.com
13005DC,Data Champions B.V.,infodatachampions@gmail.com
13006KD,KDK Doran-installatie,engemar69@outlook.com
13007NT,Nicolas transport bedrijf B.V.,rhansen_taxi40@hotmail.com
13008GZ,GENIE zorg,geniezorg@hotmail.com
13009SS,Sunrise Solar,kisselek2011@gmail.com
13012CC,Coach & Care by DP,deborah-paris89@hotmail.com
13014RP,Massagepraktijk Paz,renpazrey@gmail.com
13015LN,LINAHR,linahr2021@hotmail.com
13018GTM,Greentech Montage,uniqa.gabor@gmail.com
13019BS,Bouwhulp Sousa Gils,gilbouwhulp@hotmail.com
13020UB,The Unruly Barber,unrulyhairbyjh@hotmail.com
13025SK,S.R. Koolman,
13026RL,Riish Love And Care,risheline18111994@hotmail.com
13027PES,PERCA ELECTRIC SERVICES,5133871@gmail.com
13028CPR,Centro Portugues De Roterdao,luis_cardoso76@hotmail.com
13030GR,GR Entertainment,Ras.gabriel2020@outlook.com
13033MC,Milena's Care,milenascare@gmail.com
13036HD,HAS Administratie,hassen.neji95@hotmail.com; admin@has-administratie.nl; hassen@has-administratie.nl
13040CL,Cardlounge,r.vanbrummelen@quicknet.nl
13041SF,Spacefade,spacefade.nl@gmail.com; marinramyren@gmail.com
13043MAT,M.Art Tattoo B.V.,mjl.heerema@gmail.com;cs.ragasa@gmail.com
13045KM,Kafytech Montage,kafy81@gmail.com
13046VK,Vizyon kapper,vizyonkapper77@gmail.com
13047DA,dr. A-esthetics,dokteraesthetics@gmail.com
13048RO,Roketta,geehgeehas53@gmail.com
13049ABW,Amanda Beauty- & waxsalon,ac.snabel@live.nl
13050LC,Lovera Care For You,nvalovera@gmail.com
13052GM,G. Meulens,meulens07@gmail.com
13054BBC,B&D Beauty Collection,nvalovera@gmail.com
13101RC,Redcurves B.V.,info@redcurves.nl; sharlindapaula@live.nl
13103CL,Crowned by Lunette,Lunettescharbaai@gmail.com
13032AI,Andric Izijk,
13037CI,Chamuel Izijk,
13111AZ,Antonia Zorg,antoniazorg@outlook.com